"@Annee: #num",label,shape
163,1981,circle
164,1982,circle
165,1983,circle
166,1984,circle
167,1985,circle
168,1986,circle
169,1987,circle
170,1988,circle
171,1989,circle
172,1990,circle
173,1991,circle
174,1992,circle
175,1993,circle
176,1994,circle
177,1995,circle
178,1996,circle
179,1997,circle
180,1998,circle
181,1999,circle
182,2000,circle
183,2001,circle
184,2002,circle
185,2003,circle
186,2004,circle
187,2005,circle
188,2006,circle
189,2007,circle
190,2008,circle
191,2009,circle
192,2010,circle
193,2011,circle
194,2012,circle
195,2013,circle
196,2014,circle
197,2015,circle
198,2016,circle
