"@Département: #num",label,shape
50,Ain,circle
51,Aisne,circle
52,Allier,circle
53,Alpes-Maritimes,circle
54,Alpes-de-Haute-Provence,circle
55,Ardèche,circle
56,Ariège,circle
57,Aube,circle
58,Aude,circle
59,Aveyron,circle
60,Bas-Rhin,circle
61,Bouches-du-Rhône,circle
62,Bourail,circle
63,Calvados,circle
64,Cayenne,circle
65,Charente,circle
66,Charente-Maritime,circle
67,Corrèze,circle
68,Corse-du-Sud,circle
69,Côte-d'Or,circle
70,Côtes-d'Armor,circle
71,Deux-Sèvres,circle
72,Dordogne,circle
73,Doubs,circle
74,Drôme,circle
75,Essonne,circle
76,Eure,circle
77,Eure-et-Loir,circle
78,Finistère,circle
79,France,circle
80,Gard,circle
81,Gironde,circle
82,Guadeloupe,circle
83,Guyane,circle
84,Haut-Rhin,circle
85,Haute-Corse,circle
86,Haute-Garonne,circle
87,Haute-Loire,circle
88,Haute-Marne,circle
89,Haute-Savoie,circle
90,Haute-Saône,circle
91,Haute-Vienne,circle
92,Hautes-Alpes,circle
93,Hautes-Pyrénées,circle
94,Hauts-de-Seine,circle
95,Hérault,circle
96,Ille-et-Vilaine,circle
97,Indre,circle
98,Indre-et-Loire,circle
99,Issy-les-Moulineaux,circle
100,Isère,circle
101,Jura,circle
102,Landes,circle
103,"Les Abymes",circle
104,Loire,circle
105,Loire-Atlantique,circle
106,Loiret,circle
107,Lot,circle
108,Lot-et-Garonne,circle
109,Lozère,circle
110,Maine-et-Loire,circle
111,Manche,circle
112,Marne,circle
113,Martinique,circle
114,Matoury,circle
115,Mayenne,circle
116,Mayotte,circle
117,Meurthe-et-Moselle,circle
118,Meuse,circle
119,Morbihan,circle
120,Morne-à-l'Eau,circle
121,Moselle,circle
122,Nanterre,circle
123,Nord,circle
124,Nouvelle-Calédonie,circle
125,Oise,circle
126,Orne,circle
127,Paris,circle
128,Pas-de-Calais,circle
129,"Polynésie française",circle
130,Puy-de-Dôme,circle
131,Pyrénées-Atlantiques,circle
132,Pyrénées-Orientales,circle
133,Rhône,circle
134,Roura,circle
135,Réunion,circle
136,Saint-Denis,circle
137,Saint-Laurent-du-Maroni,circle
138,Saint-Leu,circle
139,Saint-Martin,circle
140,Saint-Pierre-et-Miquelon,circle
141,Savoie,circle
142,Saône-et-Loire,circle
143,Seine-Maritime,circle
144,Seine-Saint-Denis,circle
145,Seine-et-Marne,circle
146,Somme,circle
147,Tarn,circle
148,Tarn-et-Garonne,circle
149,"Territoire de Belfort",circle
150,Val-d'Oise,circle
151,Val-de-Marne,circle
152,Var,circle
153,Vaucluse,circle
154,Vendée,circle
155,Vienne,circle
156,Vosges,circle
157,"Wallis et Futuna",circle
158,Yonne,circle
159,Yvelines,circle
160,"Îles Tuamotu",circle
161,"Îles Tubuaï",circle
