"@EntiteImpliquee: #num",label,shape
321,"Agent territorial",square
322,Ambulancier,square
323,Association,square
324,Assurances,square
325,Avocat,square
326,"Banque ou Finance",square
327,"Chambre de Commerce, chambres consulaires",square
328,"Chef d'entreprise",square
329,"Collectivités d'Outre Mer",square
330,"Comptable ou Trésorier",square
331,"Conseil général / départemental",square
332,"Conseil régional",square
333,Dentiste,square
334,Diplomate,square
335,"Direction du Patrimoine",square
336,Douanier,square
337,Député,square
338,"Employé de Collectivité Territoriale, Fonction Publique",square
339,Enseignement,square
340,"Entreprise et dirigeants",square
341,"Etablissement public/Fonction publique",square
342,Etat,square
343,"Finances Publiques",square
344,Fonctionnaire,square
345,Gouvernement,square
346,"Huissier de justice",square
347,Hôpital,square
348,Infirmier,square
349,Journaliste,square
350,Justice,square
351,Magistrat,square
352,"Mairie, maire, adjoint au maire,  conseiller municipal",square
353,Médecin,square
354,Notaire,square
355,"Office HLM",square
356,"Parti Politique",square
357,"Personne privée",square
358,Pharmacien,square
359,Police_Gendarmerie,square
360,Prison,square
361,Préfecture,square
362,"Pôle Emploi",square
363,"Salarié, employé",square
364,"Société d’économie mixte, syndicat, intercommunalité",square
365,"Syndicat, Comité d'entreprise",square
366,Sénateur,square
367,Taxi,square
368,"Tribunal de Commerce",square
369,"Trésor Public_Inspection des impôts",square
370,URSSAF,square
371,Ville,square
