"@Région: #num",label,image,PIB,Population,shape
1,Auvergne-Rhône-Alpes,"https://upload.wikimedia.org/wikipedia/commons/8/8b/Auvergne-Rhône-Alpes_in_France_2016.svg ",239018,7940652,square
2,Bourgogne-Franche-Comté,https://upload.wikimedia.org/wikipedia/commons/7/7f/Bourgogne-Franche-Comté_region_locator_map.svg,72589,2820150,square
3,Bretagne,https://upload.wikimedia.org/wikipedia/commons/f/f6/Bretagne_in_France.svg,86533,3310341,square
4,Centre-Val-de-Loire,https://upload.wikimedia.org/wikipedia/commons/3/37/Centre-Val_de_Loire_in_France.svg,68926,2587004,square
5,Corse,https://upload.wikimedia.org/wikipedia/commons/8/8a/Corse_in_France.svg,8445,330354,square
6,"Grand Est",https://upload.wikimedia.org/wikipedia/commons/c/c8/Grand_Est_in_France_2016.svg,148861,5558304,square
7,Guadeloupe,https://upload.wikimedia.org/wikipedia/commons/d/d7/Guadeloupe_in_France_2016.svg,8113,395725,square
8,Guyane,"https://upload.wikimedia.org/wikipedia/commons/2/29/Flag_of_French_Guiana.svg ",3843,262527,square
9,Hauts-de-France,https://upload.wikimedia.org/wikipedia/commons/8/88/Hauts-de-France_in_France_2016.svg,151682,6030309,square
10,"La Réunion",https://upload.wikimedia.org/wikipedia/commons/7/7c/La_Réunion_department_relief_location_map.jpg,17922,850996,square
11,Martinique,https://upload.wikimedia.org/wikipedia/commons/a/ab/Blason_ville_fr_Fort-de-France_%28Martinique%29.svg,8628,376847,square
12,Mayotte," https://upload.wikimedia.org/wikipedia/commons/b/bf/Coat_of_Arms_of_Mayotte.svg",1770,212645,square
13,Normandie,https://upload.wikimedia.org/wikipedia/commons/1/17/Normandy_in_France_2016.svg,90426,3343247,square
14,Nouvelle-Aquitaine,https://upload.wikimedia.org/wikipedia/commons/1/1e/Nouvelle-Aquitaine_in_France_2016.svg,157584,5943096,square
15,Nouvelle-Calédonie,https://upload.wikimedia.org/wikipedia/commons/d/d0/Emblem_of_New_Caledonia.svg,7165,268767,square
16,Occitanie,https://upload.wikimedia.org/wikipedia/commons/4/42/Occitanie_in_France_2016.svg,150397,5830166,square
17,"Pays de la Loire",https://upload.wikimedia.org/wikipedia/commons/5/5f/Pays_de_la_Loire_in_France_2016.svg,104472,3743982,square
18,"Polynésie Française",https://upload.wikimedia.org/wikipedia/commons/d/db/Flag_of_French_Polynesia.svg,4630,274217,square
19,Provence-Alpes-Côte-d'Azur,https://upload.wikimedia.org/wikipedia/commons/3/3c/Provence-Alpes-Côte_d-Azur_in_France.svg,149946,5024192,square
20,Île-de-France,https://upload.wikimedia.org/wikipedia/commons/c/c1/Île-de-France_in_France_2016.svg,623673,12142802,square
