"@Tags: #num",label,shape
296,"Aménagement du territoire",square
297,BTP,square
298,"Collecte de déchets",square
299,Communication/Télécommunication,square
300,Drogue,square
301,"Défense, ventes d'armes",square
302,"Eau, déchets, ordures ménagères",square
303,Eoliennes,square
304,"Financement des partis politiques",square
305,"Fonds Européens",square
306,"Gestion de fait",square
307,Immobilier,square
308,"Lanceur d'alerte",square
309,Licence,square
310,"Logement de fonction/note de frais/avantage en nature indu",square
311,"Marchés publics",square
312,Nettoyage,square
313,"Organisation privée",square
314,"Organisation publique",square
315,"Pétrole Gaz Energie",square
316,Sport,square
317,"Sécurité sociale",square
318,Transport,square
319,Urbanisme/voirie,square
320,"Logement social",square
